Дата;Онлайн;Стрім
04.04.2025 10:38;20;"!інфо ""Афера по-американськи"" (🎬фільм на основі реальних подій❗, 📅2013р.) - початок в 09:00 📺🍿, а поки тицяємо HTML та StreamerBot 🧐"
07.04.2025 10:07;21;"!інфо ""Сутінки. Сага: Затемнення"" (🎬фільм❗, 📅2010р.) - початок в 09:30 📺🍿, а поки тицяємо HTML та StreamerBot 🧐"
08.04.2025 8:28;15;Позичайка Аріетті (🎬аніме❗, 📅2010р.) - початок в 09:30 📺🍿, а поки тицяємо HTML та StreamerBot 🧐
09.04.2025 9:44;11;"!інфо ""Сутінки. Сага. Світанок: Частина 1"" (🎬фільм❗, 📅2011р.) - початок в 09:30 📺🍿, а поки тицяємо HTML та StreamerBot 🧐"
10.04.2025 11:08;13;Навсікая з Долини Вітрів (🎬аніме❗, 📅1984р.) - початок в 09:30 📺🍿, а поки тицяємо HTML та StreamerBot 🧐
11.04.2025 9:11;10;"!інфо ""Сутінки. Сага. Світанок: Частина 2"" (🎬фільм❗, 📅2012р.) - початок в 09:30 📺🍿, а поки тицяємо HTML та StreamerBot 🧐"
11.04.2025 9:22;6;"ТЕСТ !інфо ""Сутінки. Сага. Світанок: Частина 2"" (🎬фільм❗, 📅2012р.) - початок в 09:30 📺🍿, а поки тицяємо HTML та StreamerBot 🧐"
11.04.2025 11:00;17;"!інфо ""Сутінки. Сага. Світанок: Частина 2"" (🎬фільм❗, 📅2012р.) - початок в 09:30 📺🍿, а поки тицяємо HTML та StreamerBot 🧐"
11.04.2025 11:31;12;Музичний двіж! 🎧
14.04.2025 11:06;14;"!інфо ""Хорімія"" - S01 - 1_2_3_4_5_6 (🎬аніме❗, 📅2021р.) - початок в 09:00 📺🍿, а поки тицяємо HTML та StreamerBot 🧐"
15.04.2025 10:19;17;"!інфо ""Хорімія"" - S01 - 7_8_9_10_11_12_13 (🎬аніме❗, 📅2021р.) - початок в 09:00 📺🍿, а поки тицяємо HTML та StreamerBot 🧐"
16.04.2025 8:53;11;"Замовляй фільм |або| !інфо ""Сватання на Гончарівці"" (🎬фільм❗, 📅1958р.) - початок в 09:30 📺🍿, а поки тицяємо HTML та StreamerBot 🧐"
16.04.2025 9:32;13;"!інфо ""Сватання на Гончарівці"" (🎬фільм❗, 📅1958р.) - початок в 09:30 📺🍿, а поки тицяємо HTML та StreamerBot 🧐"
16.04.2025 11:46;10;Музичний двіж! 🎧
17.04.2025 11:39;18;"!інфо ""Так складно покохати отаку"" - S01 - 1_2_3_4_5_6 (🎬аніме❗, 📅2018р.) - початок в 09:00 📺🍿, а поки тицяємо HTML та StreamerBot 🧐"
17.04.2025 11:51;19;Музичний двіж! 🎧
18.04.2025 9:30;15;"!інфо ""Так складно покохати отаку"" - S01 - 7_8_9_10_11_12 (🎬аніме❗, 📅2018р.) - початок в 09:00 📺🍿, а поки тицяємо HTML та StreamerBot 🧐"
18.04.2025 11:34;14;Музичний двіж! 🎧
21.04.2025 9:06;12;"ЗамовляйФільм |або| !інфо ""Темні часи"" (🎬на основі реальних подій❗, 📅2017р.) - початок в 09:30 📺🍿, а поки тицяємо HTML та StreamerBot 🧐"
21.04.2025 11:31;22;"!інфо ""Темні часи"" (🎬на основі реальних подій❗, 📅2017р.) - початок в 09:30 📺🍿, а поки тицяємо HTML та StreamerBot 🧐"
22.04.2025 0:29;7;"Рік каналу! 🥳 - Стрім 24 год! (вперше) 💪 - ""Аудитор"" (🎬фільм❗, 📅2016р.) - початок в 00:30 📺🍿 - !інфо"
22.04.2025 3:00;2;"Рік каналу! 🥳 - Стрім 24 год! (вперше) 💪 - ""Цей прекрасний світ, благословенний Богом"" (🎬аніме❗, 📅2019р.) - початок в 03:00 📺🍿 - !інфо"
22.04.2025 6:23;6;"Рік каналу! 🥳 - Стрім 24 год! (вперше) 💪 - ""Лобстер"" (🎬фільм❗, 📅2015р.) - початок в 04:45 📺🍿 - !інфо"
22.04.2025 7:43;8;Рік каналу! 🥳 - Стрім 24 год! (вперше) 💪 - Музичний двіж (до 08:00) - !інфо
22.04.2025 8:29;14;"Рік каналу! 🥳 - Стрім 24 год! (вперше) 💪 - ""Світло мого життя"" (🎬фільм❗, 📅2019р.) - початок в 09:30 📺🍿 - !інфо"
22.04.2025 14:43;10;"Рік каналу! 🥳 - Стрім 24 год! (вперше) 💪 - ""Фінч"" (🎬фільм❗, 📅2021р.) - початок в 12:30 📺🍿 - !інфо"
22.04.2025 15:23;10;"Рік каналу! 🥳 - Стрім 24 год! (вперше) 💪 - ""Восьма миля"" (🎬фільм❗, 📅2002р.) - початок в 15:00 📺🍿 - !інфо"
22.04.2025 17:25;12;"Рік каналу! 🥳 - Стрім 24 год! (вперше) 💪 - ""Флешбек"" (🎬фільм❗, 📅2021р.) - початок в 18:00 📺🍿 - !інфо"
22.04.2025 20:16;10;"Рік каналу! 🥳 - Стрім 24 год! (вперше) 💪 - ""Планета ідіотів"" (🎬фільм❗, 📅2006р.) - початок в 20:15 📺🍿 - !інфо"
22.04.2025 22:09;10;"Рік каналу! 🥳 - Стрім 24 год! (вперше) 💪 - ""Врятований"" (🎬фільм на основі реальних подій❗, 📅2013р.) - початок в 21:50 📺🍿 - !інфо"
23.04.2025 8:41;6;"Замовляй фільм |або| !інфо ""Форрест Ґамп"" (🎬фільм❗, 📅1994р.) - початок в 09:00 📺🍿, а поки тицяємо HTML та StreamerBot 🧐"
23.04.2025 9:54;14;"!інфо ""Форрест Ґамп"" (🎬фільм❗, 📅1994р.) - початок в 09:00 📺🍿, а поки тицяємо HTML та StreamerBot 🧐"
23.04.2025 11:42;12;Музичний двіж! 🎧
24.04.2025 10:03;14;"!інфо ""Афросамурай"" (🎬аніме❗, 📅2007р.) - початок в 09:30 📺🍿, а поки тицяємо HTML та StreamerBot 🧐"
24.04.2025 11:31;11;Музичний двіж! 🎧
25.04.2025 10:01;17;"!інфо ""Прикрась прощальний ранок квітами надії"" (🎬аніме❗, 📅2018р.) - початок в 09:30 📺🍿, а поки тицяємо HTML та StreamerBot 🧐"
25.04.2025 11:47;14;Музичний двіж! 🎧
28.04.2025 8:47;11;"Замовляй фільм |або| !інфо ""Готель «Руанда»"" (🎬на реальних подіях❗, 📅2004р.) - початок в 09:30 📺🍿, а поки тицяємо HTML та StreamerBot 🧐"
28.04.2025 10:59;13;"!інфо ""Готель «Руанда»"" (🎬на реальних подіях❗, 📅2004р.) - початок в 09:30 📺🍿, а поки тицяємо HTML та StreamerBot 🧐"
29.04.2025 8:50;16;"Замовляй фільм |або| !інфо ""Небесний замок Лапута"" (🎬аніме❗, 📅1986р.) - початок в 09:30 📺🍿, а поки тицяємо HTML та StreamerBot 🧐"
29.04.2025 11:29;21;"!інфо ""Небесний замок Лапута"" (🎬аніме❗, 📅1986р.) - початок в 09:30 📺🍿, а поки тицяємо HTML та StreamerBot 🧐"
30.04.2025 9:01;15;"Замовляй фільм |або| !інфо ""Маска"" (🎬фільм❗, 📅1994р.) - початок в 09:30 📺🍿, а поки тицяємо HTML та StreamerBot 🧐"
30.04.2025 10:42;20;"!інфо ""Маска"" (🎬фільм❗, 📅1994р.) - початок в 09:30 📺🍿, а поки тицяємо HTML та StreamerBot 🧐"
30.04.2025 11:35;19;Музичний двіж! 🎧
01.05.2025 11:27;22;"!інфо ""Мумія: Гробниця Імператора драконів"" (🎬фільм❗, 📅2008р.) - початок в 09:30 📺🍿, а поки тицяємо HTML та StreamerBot 🧐"
02.05.2025 9:26;11;"!інфо ""Спартак"" (🎬фільм❗, 📅1960р.) - початок в 08:45 📺🍿, а поки тицяємо HTML та StreamerBot 🧐"
03.05.2025 13:34;9;"🛠 Тест ноута - гра ""Duck Duck Goose"""
03.05.2025 16:16;7;"🛠 Тест ноута - гра ""Bully: Scholarship Edition"""
03.05.2025 17:43;9;"🛠 Тест ноута - гра ""The Long Dark"""
05.05.2025 11:07;24;"!інфо ""Людина, яка змінила все"" (🎬фільм на основі реальних подій❗, 📅2011р.) - початок в 09:30 📺🍿, а поки тицяємо HTML та StreamerBot 🧐"
06.05.2025 10:33;19;"!інфо ""Всесвітня війна Z"" (🎬фільм❗, 📅2013р.) - початок в 09:30 📺🍿, а поки 🎮 ""The Long Dark"""
07.05.2025 10:24;19;"!інфо ""Cім"" (🎬фільм❗, 📅1995р.) - початок в 09:30 📺🍿, а поки 🎮 ""The Long Dark"""
08.05.2025 10:43;25;"!інфо ""Знайомтеся — Джо Блек"" (🎬фільм❗, 📅1998р.) - початок в 09:00 📺🍿, а поки 🎮 ""The Long Dark"""
09.05.2025 10:34;21;"!інфо ""Мiстер i мiсiс Смiт"" (🎬фільм❗, 📅2005р.) - початок в 09:30 📺🍿, а поки 🎮 ""The Long Dark"""
12.05.2025 9:31;18;"!інфо ""Колонія Дігнідад"" (🎬фільм на основі реальних подій❗, 📅2015р.) - початок в 09:30 📺🍿, а поки 🎮 ""The Long Dark"""
13.05.2025 11:24;21;"!інфо ""Потяг до Пусана"" (🎬фільм❗, 📅2016р.) - початок в 09:30 📺🍿, а поки 🎮 ""The Long Dark"""
13.05.2025 19:41;10;"🎮 ""Гусь Гусь Дак"""
14.05.2025 10:29;23;"!інфо ""Грейхаунд: Битва за Атлантику"" (🎬фільм❗, 📅2020р.) - початок в 09:30 📺🍿, а поки 🎮 ""The Long Dark"""
14.05.2025 11:34;25;Музичний двіж! 🎧
15.05.2025 10:31;22;"!інфо ""Спадковість"" (🎬фільм❗, 📅2018р.) - початок в 09:30 📺🍿, а поки 🎮 ""The Long Dark"""
16.05.2025 10:14;27;"!інфо ""12 розгніваних чоловіків"" (🎬фільм❗, 📅1957р.) - початок в 09:30 📺🍿, а поки 🎮 ""The Long Dark"""
19.05.2025 10:56;29;"!інфо ""Велика риба"" (🎬фільм❗, 📅2003р.) - початок в 09:30 📺🍿, а поки 🎮 ""The Long Dark"""
20.05.2025 10:58;17;"!інфо ""Сім душ"" (🎬фільм❗, 📅2008р.) - початок в 09:30 📺🍿, а поки 🎮 ""The Long Dark"""
21.05.2025 11:12;19;"!інфо ""Передмістя"" (🎬фільм❗, 📅1989р.) - початок в 09:30 📺🍿, а поки 🎮 ""The Long Dark"""
21.05.2025 11:33;15;Музичний двіж! 🎧
22.05.2025 8:36;15;"!інфо ""Народжена вільною"" (🎬фільм❗, 📅1966р.) - початок в 09:30 📺🍿, а поки 🎮 ""The Long Dark"""
22.05.2025 11:39;12;Музичний двіж! 🎧
23.05.2025 10:48;19;"!інфо ""Коли Гаррі зустрів Саллі"" (🎬фільм❗, 📅1989р.) - початок в 09:30 📺🍿, а поки 🎮 ""The Long Dark"""
23.05.2025 11:30;12;Музичний двіж! 🎧
26.05.2025 9:33;13;"Замовляй фільм |або| !інфо ""Сім років у Тибеті"" (🎬на основі реальних подій❗, 📅1997р.) - початок в 09:30 📺🍿, а поки 🎮 ""The Long Dark"""
26.05.2025 10:43;23;"!інфо ""Сім років у Тибеті"" (🎬на основі реальних подій❗, 📅1997р.) - початок в 09:30 📺🍿, а поки 🎮 ""The Long Dark"""
27.05.2025 10:00;26;"!інфо ""Пила 3"" (🎬фільм❗, 📅2006р.) - початок в 09:30 📺🍿, а поки 🎮 ""The Long Dark"""
28.05.2025 11:48;22;"!інфо ""Сірий"" (🎬фільм❗, 📅2011р.) - початок в 09:30 📺🍿, а поки 🎮 ""The Long Dark"""
29.05.2025 10:26;23;"!інфо ""Людина з планети Земля"" (🎬фільм❗, 📅2007р.) - початок в 09:30 📺🍿, а поки 🎮 ""The Long Dark"""
30.05.2025 10:25;19;"!інфо ""Круті фараони"" (🎬фільм❗, 📅2007р.) - початок в 09:30 📺🍿, а поки 🎮 ""The Long Dark"""
02.06.2025 9:39;26;"!інфо ""Пила 4"" (🎬фільм❗, 📅2007р.) - початок в 09:30 📺🍿, а поки 🎮 ""The Long Dark"""
03.06.2025 11:42;18;"!інфо ""5 сантиметрів за секунду"" (🎬аніме❗, 📅2007р.) - початок в 09:30 📺🍿, а поки 🎮 ""The Long Dark"""
04.06.2025 10:30;18;"!інфо ""Розумник Вілл Хантінг"" (🎬фільм❗, 📅1997р.) - початок в 09:30 📺🍿, а поки 🎮 ""The Long Dark"""
05.06.2025 10:38;37;"!інфо ""Містер Ніхто"" (🎬фільм❗, 📅2009р.) - початок в 09:30 📺🍿, а поки 🎮 ""The Long Dark"""
06.06.2025 9:58;25;"!інфо ""Одержимість"" (🎬фільм❗, 📅2014р.) - початок в 09:30 📺🍿, а поки 🎮 ""The Long Dark"""
09.06.2025 10:22;19;"!інфо ""Ковбой Бібоп. Двері до раю"" (🎬аніме❗, 📅2001р.) - початок в 09:30 📺🍿, а поки 🎮 ""The Long Dark"""
10.06.2025 9:44;25;"!інфо ""Передчуття "" (🎬фільм❗, 📅2007р.) - початок в 09:30 📺🍿, а поки 🎮 ""The Long Dark"""
11.06.2025 10:43;21;"!інфо ""Острів собак"" (🎬мутік❗, 📅2018р.) - початок в 09:30 📺🍿, а поки 🎮 ""The Long Dark"""
11.06.2025 11:41;19;Музичний двіж! 🎧
12.06.2025 9:36;25;"!інфо ""Пила 5"" (🎬фільм❗, 📅2008р.) - початок в 09:30 📺🍿, а поки тицяємо HTML та StreamerBot 🧐"
12.06.2025 11:21;21;Музичний двіж! 🎧
13.06.2025 9:56;35;"!інфо ""П'ятниця 13-те +"" (🎬фільм❗, 📅2009р.) - початок в 09:30 📺🍿, а поки 🎮 ""The Long Dark"""
16.06.2025 10:58;34;"!інфо ""Бійцівський клуб"" (🎬фільм❗, 📅1999р.) - початок в 09:30 📺🍿, а поки 🎮 ""The Long Dark"""
17.06.2025 8:24;35;"!інфо ""За садовим парканом"" (🎬мутік❗, 📅2014р.) - початок в 09:30 📺🍿, а поки 🎮 ""The Long Dark"""
17.06.2025 11:36;24;Музичний двіж! 🎧
18.06.2025 9:17;23;"!інфо ""Пила 6"" (🎬фільм❗, 📅2009р.) - початок в 09:30 📺🍿, а поки 🎮 ""The Long Dark"""
18.06.2025 11:44;17;Музичний двіж! 🎧
19.06.2025 9:51;21;"!інфо ""Чим ми займаємося в тінях"" (🎬фільм❗, 📅2014р.) - початок в 09:30 📺🍿, а поки 🎮 ""The Long Dark"""
19.06.2025 11:31;16;Музичний двіж! 🎧
20.06.2025 9:44;20;"!інфо ""Лишитися живим"" (🎬фільм❗, 📅2006р.) - початок в 09:30 📺🍿, а поки 🎮 ""The Long Dark"""
20.06.2025 11:35;18;Музичний двіж! 🎧
23.06.2025 11:09;23;"інфо ""Судний день"" (🎬фільм❗, 📅2008р.) - початок в 09:30 📺🍿, а поки 🎮 ""The Long Dark"""
24.06.2025 10:23;34;"інфо ""Спогади про вбивство"" (🎬на основі реальних подій❗, 📅2003р.) - початок в 09:30 📺🍿, а поки 🎮 ""The Long Dark"""
25.06.2025 10:14;11;"інфо ""Прекрасна зелена"" (🎬фільм❗, 📅1996р.) - початок в 09:30 📺🍿, а поки 🎮 ""The Long Dark"""
25.06.2025 11:48;11;Музичний двіж! 🎧
26.06.2025 9:27;16;"інфо ""Вогнем і мечем"" (🎬фільм❗, 📅1999р.) - початок в 08:30 📺🍿, а поки 🎮 ""The Long Dark"""
27.06.2025 10:30;19;"інфо ""Ва-банк"" (🎬фільм❗, 📅1981р.) - початок в 09:30 📺🍿, а поки 🎮 ""The Long Dark"""
27.06.2025 11:32;21;Музичний двіж! 🎧
30.06.2025 9:45;20;"інфо ""Зловісні мерці"" (🎬фільм❗, 📅1981р.) - початок в 09:30 📺🍿, а поки 🎮 ""The Long Dark"""
30.06.2025 11:52;18;Музичний двіж! 🎧
01.07.2025 11:49;25;"інфо ""Таксист"" (🎬на основі реальних подій❗, 📅2017р.) - початок в 09:30 📺🍿, а поки 🎮 ""The Long Dark"""
02.07.2025 10:15;25;"інфо ""Зворотній відлік"" (🎬фільм❗, 📅2019р.) - початок в 09:30 📺🍿, а поки 🎮 ""The Long Dark"""
02.07.2025 11:34;23;Музичний двіж! 🎧
03.07.2025 9:51;60;"інфо ""Трансформери"" (🎬фільм❗, 📅2007р.) - початок в 09:30 📺🍿, а поки 🎮 ""The Long Dark"""
04.07.2025 10:58;25;"інфо ""Пекельне пекло"" (🎬фільм❗, 📅2020р.) - початок в 09:30 📺🍿, а поки 🎮 ""The Long Dark"""
04.07.2025 11:43;21;Музичний двіж! 🎧
07.07.2025 10:50;29;"інфо ""Роккі"" (🎬фільм❗, 📅1976р.) - початок в 09:30 📺🍿, а поки 🎮 ""The Long Dark"""
07.07.2025 11:38;24;Музичний двіж! 🎧
08.07.2025 10:18;20;"інфо ""Роккі 2"" (🎬фільм❗, 📅1979р.) - початок в 09:30 📺🍿, а поки 🎮 ""The Long Dark"""
09.07.2025 11:16;30;"інфо ""Роккі 3"" (🎬фільм❗, 📅1982р.) - початок в 09:30 📺🍿, а поки 🎮 ""The Long Dark"""
09.07.2025 11:24;26;Музичний двіж! 🎧
10.07.2025 11:10;23;"інфо ""Роккі 4"" (🎬фільм❗, 📅1985р.) - початок в 09:30 📺🍿, а поки 🎮 ""The Long Dark"""
10.07.2025 11:48;23;Музичний двіж! 🎧
11.07.2025 8:41;43;"інфо ""Роккі 5"" (🎬фільм❗, 📅1990р.) - початок в 09:30 📺🍿, а поки 🎮 ""The Long Dark"""
11.07.2025 11:20;28;Музичний двіж! 🎧
14.07.2025 10:20;24;"!інфо ""1408"" (🎬фільм❗, 📅2007р.) - початок в 09:30 📺🍿 | а поки - 🎮 ""The Long Dark"" 🏡 паті на хуторі в хаті!"
14.07.2025 11:44;13;Музичний двіж! 🎧 | Паті на хуторі в хаті! 🏡
15.07.2025 10:27;24;"!інфо ""Тремтіння землі"" (🎬фільм❗, 📅1990р.) - початок в 09:30 📺🍿 | а поки - 🎮 ""The Long Dark"" 🏡 паті на хуторі в хаті!"
15.07.2025 11:25;14;Музичний двіж! 🎧 | Паті на хуторі в хаті! 🏡
16.07.2025 10:24;22;"!інфо ""Смерть їй личить"" (🎬фільм❗, 📅1992р.) - початок в 09:30 📺🍿 | а поки - 🎮 ""The Long Dark"" 🏡 паті на хуторі в хаті!"
16.07.2025 11:26;17;Музичний двіж! 🎧 | Паті на хуторі в хаті! 🏡
17.07.2025 10:25;23;"!інфо ""Не дихай"" (🎬фільм❗, 📅2016р.) - початок в 09:30 📺🍿 | а поки - 🎮 ""The Long Dark"" 🏡 паті на хуторі в хаті!"
17.07.2025 11:19;16;Музичний двіж! 🎧 | Паті на хуторі в хаті! 🏡
18.07.2025 11:19;22;"!інфо ""Мовчання ягнят"" (🎬фільм❗, 📅1991р.) - початок в 09:30 📺🍿 | а поки - 🎮 ""The Long Dark"" 🏡 паті на хуторі в хаті!"
18.07.2025 11:50;15;Музичний двіж! 🎧 | Паті на хуторі в хаті! 🏡
21.07.2025 10:54;21;"!інфо ""Карти, гроші, два стволи"" (🎬фільм 18+❗, 📅1998р.) - початок в 09:30 📺🍿, а поки 🎮 ""The Long Dark"""
21.07.2025 11:33;20;Музичний двіж! 🎧 | Паті на хуторі в хаті! 🏡
22.07.2025 10:19;26;"!інфо ""Пастка"" (🎬фільм❗, 📅2017р.) - початок в 09:30 📺🍿 | а поки - 🎮 ""The Long Dark"" 🏡 паті на хуторі в хаті!"
22.07.2025 11:34;21;Музичний двіж! 🎧 | Паті на хуторі в хаті! 🏡
23.07.2025 10:43;22;"!інфо ""Гра в імітацію"" (🎬на основі реальних подій❗, 📅2014р) - початок в 09:30 📺🍿 | а поки - 🎮 ""The Long Dark"" 🏡 паті на хуторі в хаті!"
23.07.2025 11:43;18;Музичний двіж! 🎧 | Паті на хуторі в хаті! 🏡
24.07.2025 10:06;27;"!інфо ""Білі ціпоньки"" (🎬фільм❗, 📅2004р.) - початок в 09:30 📺🍿 | а поки - 🎮 ""The Long Dark"" 🏡 паті на хуторі в хаті!"
25.07.2025 10:31;21;"!інфо ""Трансформери: Помста полеглих"" (🎬фільм❗, 📅2009р.) - початок в 09:00 📺🍿 | а поки - 🎮 ""The Long Dark"" 🏡 паті на хуторі в хаті!"
28.07.2025 11:28;26;"!інфо ""Хрещений батько"" (🎬фільм❗, 📅1972р.) - початок в 09:00 📺🍿 | а поки - 🎮 ""The Long Dark"" 🏡 паті на хуторі в хаті!"
29.07.2025 10:10;24;"!інфо ""Дракула"" (🎬фільм❗, 📅1992р.) - початок в 09:30 📺🍿 | а поки - 🎮 ""The Long Dark"" 🏡 паті на хуторі в хаті!"
30.07.2025 11:13;23;"!інфо ""Діти моря"" (🎬аніме❗, 📅2019р.) - початок в 09:30 📺🍿 | а поки - 🎮 ""The Long Dark"" 🏡 паті на хуторі в хаті!"
30.07.2025 11:46;20;Музичний двіж! 🎧 | Паті на хуторі в хаті! 🏡
31.07.2025 11:14;28;"!інфо ""Чотири кімнати"" (🎬фільм❗, 📅1995р.) - початок в 09:30 📺🍿 | а поки - 🎮 ""The Long Dark"" 🏡 паті на хуторі в хаті!"
31.07.2025 11:47;26;Музичний двіж! 🎧 | Паті на хуторі в хаті! 🏡
01.08.2025 11:16;24;"!інфо ""Ганнібал"" (🎬фільм❗, 📅2001р.) - початок в 09:30 📺🍿 | а поки - 🎮 ""The Long Dark"" 🏡 паті на хуторі в хаті!"
04.08.2025 10:19;35;"!інфо ""Відьмак"" - S01 - 1_2_3 (🎬серіал❗, 📅2002р.) - початок в 09:00 📺🍿 | а поки - 🎮 ""The Long Dark"" 🏡 паті на хуторі в хаті!"
05.08.2025 11:08;24;"!інфо ""Відьмак"" - S01 - 4_5_6 (🎬серіал❗, 📅2002р.) - початок в 09:00 📺🍿 | а поки - 🎮 ""The Long Dark"" 🏡 паті на хуторі в хаті!"
06.08.2025 9:57;24;"!інфо ""Відьмак"" - S01 - 7_8_9 (🎬серіал❗, 📅2002р.) - початок в 09:00 📺🍿 | а поки - 🎮 ""The Long Dark"" 🏡 паті на хуторі в хаті!"
06.08.2025 11:33;20;Музичний двіж! 🎧 | Паті на хуторі в хаті! 🏡
07.08.2025 9:59;22;"!інфо ""Відьмак"" - S01 - 10_11_12_13 (🎬серіал❗, 📅2002р.) - початок в 08:30 📺🍿 | а поки - 🎮 ""The Long Dark"" 🏡 паті на хуторі в хаті!"
08.08.2025 11:48;33;"!інфо ""Вигнанець"" (🎬фільм❗, 📅2000р.) - початок в 09:30 📺🍿 | а поки - 🎮 ""The Long Dark"" 🏡 паті на хуторі в хаті!"
11.08.2025 9:40;45;"!інфо ""Зловісні мерці 2"" (🎬фільм❗, 📅1987р.) - початок в 09:30 📺🍿 | а поки - 🎮 ""The Long Dark"" 🏡 паті на хуторі в хаті!"
11.08.2025 11:34;38;Музичний двіж! 🎧 | Паті на хуторі в хаті! 🏡
12.08.2025 11:30;27;"!інфо ""Ворон"" (🎬фільм❗, 📅1994р.) - початок в 09:30 📺🍿 | а поки - 🎮 ""The Long Dark"" 🏡 паті на хуторі в хаті!"
13.08.2025 11:08;22;"!інфо ""Капернаум"" (🎬на основі реальних подій❗, 📅2018р.) - початок в 09:30 📺🍿 | а поки - 🎮 ""The Long Dark"" 🏡 паті на хуторі в хаті!"
14.08.2025 10:05;30;"!інфо ""Дівчина у потягу"" (🎬фільм❗, 📅2016р.) - початок в 09:30 📺🍿 | а поки - 🎮 ""The Long Dark"" 🏡 паті на хуторі в хаті!"
15.08.2025 9:18;23;"!інфо ""Червоний Дракон"" (🎬фільм❗, 📅2002р.) - початок в 09:30 📺🍿 | а поки - 🎮 ""The Long Dark"" 🏡 паті на хуторі в хаті!"
18.08.2025 9:47;20;"!інфо ""Підводна братва"" (🎬мультфільм❗, 📅2004р.) - початок в 09:30 📺🍿 | а поки - 🎮 ""The Long Dark"" 🏡 паті на хуторі в хаті!"
18.08.2025 11:21;19;Музичний двіж! 🎧 | Паті на хуторі в хаті! 🏡
19.08.2025 10:49;25;"!інфо ""Визволи нас від зла"" (🎬фільм❗, 📅2014р.) - початок в 09:30 📺🍿 | а поки - 🎮 ""The Long Dark"" 🏡 паті на хуторі в хаті!"
20.08.2025 11:07;26;"!інфо ""Хто Ви, Містер Брукс?"" (🎬фільм❗, 📅2007р.) - початок в 09:30 📺🍿 | а поки - 🎮 ""The Long Dark"" 🏡 паті на хуторі в хаті!"
21.08.2025 10:02;27;"!інфо ""Астерікс проти Цезаря"" (🎬мультфільм❗, 📅1985р.) - початок в 09:30 📺🍿 | а поки - 🎮 ""The Long Dark"" 🏡 паті на хуторі в хаті!"
21.08.2025 11:22;22;Музичний двіж! 🎧 | Паті на хуторі в хаті! 🏡
22.08.2025 10:37;26;"!інфо ""День бабака"" (🎬фільм❗, 📅1993р.) - початок в 09:30 📺🍿 | а поки - 🎮 ""The Long Dark"" 🏡 паті на хуторі в хаті!"
22.08.2025 11:37;19;Музичний двіж! 🎧 | Паті на хуторі в хаті! 🏡
25.08.2025 10:53;30;"!інфо ""Тремтіння землі 3: Повернення в Перфекшн"" (🎬фільм❗, 📅2001р.) - початок в 09:30 📺🍿 | а поки - 🎮 ""The Long Dark"""
25.08.2025 11:44;23;Музичний двіж! 🎧 | Паті на хуторі в хаті! 🏡
26.08.2025 10:32;35;"!інфо ""Дуже вампірське кіно"" (🎬фільм❗, 📅2010р.) - початок в 09:30 📺🍿 | а поки - 🎮 ""The Long Dark"" 🏡 паті на хуторі в хаті!"
26.08.2025 11:14;26;Музичний двіж! 🎧 | Паті на хуторі в хаті! 🏡
27.08.2025 10:31;32;"!інфо ""Мільйонер із нетрів"" (🎬фільм❗, 📅2008р.) - початок в 09:30 📺🍿 | а поки - 🎮 ""The Long Dark"" 🏡 паті на хуторі в хаті!"
28.08.2025 10:15;26;"!інфо ""Лісова братва"" (🎬мультфільм❗, 📅2006р.) - початок в 09:30 📺🍿 | а поки - 🎮 ""The Long Dark"" 🏡 паті на хуторі в хаті!"
28.08.2025 11:09;20;Музичний двіж! 🎧 | Паті на хуторі в хаті! 🏡
29.08.2025 10:51;26;"!інфо ""Найкраща пропозиція"" (🎬фільм❗, 📅2013р.) - початок в 09:30 📺🍿 | а поки - 🎮 ""The Long Dark"" 🏡 паті на хуторі в хаті!"
01.09.2025 11:00;28;"!інфо ""Тремтіння землі 2: Повторний удар"" (🎬фільм❗, 📅1996р) - початок в 09:30 📺🍿 | а поки - 🎮 ""The Long Dark"" 🏡 паті на хуторі в хаті!"
01.09.2025 11:34;21;Музичний двіж! 🎧 | Паті на хуторі в хаті! 🏡
01.09.2025 11:48;5;Музичний двіж! 🎧 | Паті на хуторі в хаті! 🏡
02.09.2025 10:46;28;"!інфо ""Тремтіння землі 4: Легенда почин"" (🎬фільм❗, 📅2004р.) - початок в 09:30 📺🍿 | а поки - 🎮 ""The Long Dark"" 🏡 паті на хуторі в хаті!"
02.09.2025 11:43;18;Музичний двіж! 🎧 | Паті на хуторі в хаті! 🏡
03.09.2025 10:04;23;"!інфо ""Тремтіння землі 5: Кровна рідня"" (🎬фільм❗, 📅2015р.) - початок в 09:30 📺🍿 | а поки - 🎮 ""The Long Dark"" 🏡 паті на хуторі в хаті!"
03.09.2025 11:43;18;Музичний двіж! 🎧 | Паті на хуторі в хаті! 🏡
04.09.2025 10:04;19;"!інфо ""Хороший, поганий, злий"" (🎬фільм❗, 📅1966р.) - початок в 09:00 📺🍿 | а поки - 🎮 ""The Long Dark"" 🏡 паті на хуторі в хаті!"
05.09.2025 11:17;22;"!інфо ""Ганнібал: Сходження"" (🎬фільм❗, 📅2007р.) - початок в 09:30 📺🍿 | а поки - 🎮 ""The Long Dark"" 🏡 паті на хуторі в хаті!"
08.09.2025 10:55;18;"!інфо ""Втеча з курника"" (🎬мультфільм❗, 📅2000р.) - початок в 09:30 📺🍿 | а поки - 🎮 ""The Long Dark"" 🏡 паті на хуторі в хаті!"
08.09.2025 11:50;16;Музичний двіж! 🎧 | Паті на хуторі в хаті! 🏡
09.09.2025 10:01;33;"!інфо ""Ліки від щастя"" (🎬фільм❗, 📅2017р.) - початок в 09:00 📺🍿 | а поки - 🎮 ""The Long Dark"" 🏡 паті на хуторі в хаті!"
10.09.2025 10:51;24;"!інфо ""Війна світів"" (🎬фільм❗, 📅2005р.) - початок в 09:30 📺🍿 | а поки - 🎮 ""The Long Dark"" 🏡 паті на хуторі в хаті!"
10.09.2025 11:34;23;Музичний двіж! 🎧 | Паті на хуторі в хаті! 🏡
11.09.2025 10:59;25;"!інфо ""Зоряний десант"" (🎬фільм❗, 📅1997р.) - початок в 09:30 📺🍿 | а поки - 🎮 ""The Long Dark"" 🏡 паті на хуторі в хаті!"
12.09.2025 10:51;18;"!інфо ""Як приборкати дракона"" (🎬мультфільм❗, 📅2010р.) - початок в 09:30 📺🍿 | а поки - 🎮 ""The Long Dark"" 🏡 паті на хуторі в хаті!"
12.09.2025 11:31;11;Музичний двіж! 🎧 | Паті на хуторі в хаті! 🏡
15.09.2025 10:47;24;"!інфо ""Чорна Діра"" (🎬фільм❗, 📅2000р.) - початок в 09:30 📺🍿 | а поки - 🎮 ""The Long Dark"" 🏡 паті на хуторі в хаті!"
15.09.2025 11:28;21;Музичний двіж! 🎧 | Паті на хуторі в хаті! 🏡
16.09.2025 11:49;31;"!інфо ""Хроніки Ріддіка"" (🎬фільм❗, 📅2004р.) - початок в 09:30 📺🍿 | а поки - 🎮 ""The Long Dark"" 🏡 паті на хуторі в хаті!"
17.09.2025 11:53;31;"!інфо ""Ріддік"" (🎬фільм❗, 📅2013р.) - початок в 09:30 📺🍿 | а поки - 🎮 ""The Long Dark"" 🏡 паті на хуторі в хаті!"
18.09.2025 10:39;26;"!інфо ""Останній мисливець на відьом"" (🎬фільм❗, 📅2015р.) - початок в 09:30 📺🍿 | а поки - 🎮 ""The Long Dark"" 🏡 паті на хуторі в хаті!"
19.09.2025 11:49;22;"!інфо ""Визнайте мене винним"" (🎬фільм на основі реальних подій❗, 📅2006р.) - початок в 09:30 📺🍿 | а поки -  🏡 паті на хуторі в хаті!"
22.09.2025 10:04;30;"!інфо ""Тремтіння землі 6: Холодний день у пеклі"" (🎬фільм❗, 📅2018р.) - початок в 09:30 📺🍿 | а поки - 🏡 паті на хуторі в хаті!"
22.09.2025 11:32;18;Музичний двіж! 🎧 | Паті на хуторі в хаті! 🏡
23.09.2025 11:02;20;"!інфо ""Тремтіння землі 7: Острів люті"" (🎬фільм❗, 📅2020р.) - початок в 09:30 📺🍿 | а поки - 🎮 ""The Long Dark"" 🏡 паті на хуторі в хаті!"
23.09.2025 11:45;15;Музичний двіж! 🎧 | Паті на хуторі в хаті! 🏡
24.09.2025 10:50;21;"!інфо ""Призначення"" (🎬фільм❗, 📅2014р.) - початок в 09:30 📺🍿 | а поки - 🎮 ""The Long Dark"" 🏡 паті на хуторі в хаті!"
24.09.2025 11:30;22;Музичний двіж! 🎧 | Паті на хуторі в хаті! 🏡
25.09.2025 10:45;20;"!інфо ""Обличчя зі шрамом"" (🎬фільм❗, 📅1983р.) - початок в 09:00 📺🍿 | а поки - 🎮 ""The Long Dark"" 🏡 паті на хуторі в хаті!"
26.09.2025 11:14;21;"!інфо ""П'ятниця 13-е"" (🎬фільм❗, 📅1980р.) - початок в 09:30 📺🍿 | а поки - 🎮 ""The Long Dark"" 🏡 паті на хуторі в хаті!"
26.09.2025 11:48;18;Музичний двіж! 🎧 | Паті на хуторі в хаті! 🏡
29.09.2025 10:30;25;"!інфо ""Хеллоуін"" (🎬фільм❗, 📅2007р.) - початок в 09:30 📺🍿 | а поки - 🎮 ""The Long Dark"" 🏡 паті на хуторі в хаті!"
30.09.2025 11:38;26;"!інфо ""Назад у майбутнє"" (🎬фільм❗, 📅1985р.) - початок в 09:30 📺🍿 | а поки - 🎮 ""The Long Dark"" 🏡 паті на хуторі в хаті!"
01.10.2025 11:05;22;"!інфо ""Лашкаво прошимо"" (🎬фільм❗, 📅2008р.) - початок в 09:30 📺🍿 | а поки - 🎮 ""The Long Dark"" 🏡 паті на хуторі в хаті!"
01.10.2025 11:35;19;Музичний двіж! 🎧 | Паті на хуторі в хаті! 🏡
02.10.2025 11:41;30;"!інфо ""Сайлент Хілл"" (🎬фільм❗, 📅2006р.) - початок в 09:30 📺🍿 | а поки - 🎮 ""The Long Dark"" 🏡 паті на хуторі в хаті!"
03.10.2025 11:02;24;"!інфо ""Сайлент Хілл 2"" (🎬фільм❗, 📅2012р.) - початок в 09:30 📺🍿 | а поки - 🎮 ""The Long Dark"" 🏡 паті на хуторі в хаті!"
03.10.2025 11:27;20;Музичний двіж! 🎧 | Паті на хуторі в хаті! 🏡
06.10.2025 10:47;31;"!інфо ""Назад у майбутнє 2"" (🎬фільм❗, 📅1989р.) - початок в 09:30 📺🍿 | а поки - 🎮 ""The Long Dark"" 🏡 паті на хуторі в хаті!"
06.10.2025 11:36;29;Музичний двіж! 🎧 | Паті на хуторі в хаті! 🏡
07.10.2025 10:15;48;"!інфо ""Назад у майбутнє 3"" (🎬фільм❗, 📅1990р.) - початок в 09:30 📺🍿 | а поки - 🎮 ""The Long Dark"" 🏡 паті на хуторі в хаті!"
08.10.2025 11:14;30;"!інфо ""Суддя Дредд"" (🎬фільм❗, 📅2012р.) - початок в 09:30 📺🍿 | а поки - 🎮 ""The Long Dark"" 🏡 паті на хуторі в хаті!"
08.10.2025 11:29;24;Музичний двіж! 🎧 | Паті на хуторі в хаті! 🏡
09.10.2025 10:25;20;"!інфо ""Брати з Ґрімзбі"" (🎬фільм❗, 📅2016р.) - початок в 09:30 📺🍿 | а поки - 🎮 ""The Long Dark"" 🏡 паті на хуторі в хаті!"
09.10.2025 11:18;18;Музичний двіж! 🎧 | Паті на хуторі в хаті! 🏡
10.10.2025 11:13;27;"!інфо ""Ефект метелика"" (🎬фільм❗, 📅2004р.) - початок в 09:30 📺🍿 | а поки - 🎮 ""The Long Dark"" 🏡 паті на хуторі в хаті!"
13.10.2025 11:12;35;"!інфо ""Няньки"" (🎬фільм❗, 📅1994р.) - початок в 09:30 📺🍿 | а поки - 🎮 ""The Long Dark"" 🏡 паті на хуторі в хаті!"
13.10.2025 11:34;23;Музичний двіж! 🎧 | Паті на хуторі в хаті! 🏡
14.10.2025 10:30;25;"!інфо ""Сім'янин"" (🎬фільм❗, 📅2000р.) - початок в 09:30 📺🍿 | а поки - 🎮 ""The Long Dark"" 🏡 паті на хуторі в хаті!"
15.10.2025 10:47;28;"!інфо ""Життя і мета собаки"" (🎬фільм❗, 📅2017р.) - початок в 09:30 📺🍿 | а поки - 🎮 ""The Long Dark"" 🏡 паті на хуторі в хаті!"
15.10.2025 11:23;28;Музичний двіж! 🎧 | Паті на хуторі в хаті! 🏡
16.10.2025 11:41;30;"!інфо ""Прибуття"" (🎬фільм❗, 📅2016р.) - початок в 09:30 📺🍿 | а поки - 🎮 ""The Long Dark"" 🏡 паті на хуторі в хаті!"
17.10.2025 9:18;26;"!інфо ""Достукатися до небес"" (🎬фільм❗, 📅1997р.) - початок в 09:30 📺🍿 | а поки - 🎮 ""The Long Dark"" 🏡 паті на хуторі в хаті!"
17.10.2025 12:07;28;"!інфо ""Достукатися до небес"" (🎬фільм❗, 📅1997р.) - початок в 10:40 📺🍿 | а поки - 🎮 ""The Long Dark"" 🏡 паті на хуторі в хаті!"
20.10.2025 9:57;73;"!інфо ""Післязавтра"" (🎬фільм❗, 📅2004р.) - початок в 09:30 📺🍿 | а поки - 🎮 ""The Long Dark"" 🏡 паті на хуторі в хаті!"
21.10.2025 11:22;31;"!інфо ""Дім дивних дітей міс Сапсан"" (🎬фільм❗, 📅2016р.) - початок в 09:30 📺🍿 | а поки - 🎮 ""The Long Dark"" 🏡 паті на хуторі в хаті!"
22.10.2025 8:01;2;"!інфо ""Не дихай"" (🎬фільм❗, 📅2016р.) - початок в 09:30 📺🍿 | а поки - 🎮 ""The Long Dark"" 🏡 паті на хуторі в хаті!"
23.10.2025 10:32;24;Пошук повербанка для ноута 💻 + Оформлення обкладинки Ютуб 🎨| Музичний двіж! 🎧 (світло по графіку не офають 💡)
24.10.2025 11:43;16;День #2 - Пошук повербанка для ноута 💻 + Оформлення обкладинки Ютуб 🎨 | Музичний двіж! 🎧 (світло по графіку є 💡)
27.10.2025 8:38;21;"!інфо ""Повний облом"" (🎬фільм❗, 📅2006р.) - початок в 09:30 📺🍿 | а поки - 🎮 ""The Long Dark"" 🏡 паті на хуторі в хаті! ( 💡 по графіку є)"
27.10.2025 11:59;20;Музичний двіж! 🎧 | Паті на хуторі в хаті! 🏡
28.10.2025 9:43;26;Світло 💡 до 10:00, а поки - Музичний двіж! 🎧 | Паті на хуторі в хаті! 🏡
29.10.2025 11:40;37;Світло 💡 по графіку є! Музичний двіж! 🎧 | Паті на хуторі в хаті! 🏡
30.10.2025 10:35;21;Світло 💡 по графіку є! Музичний двіж! 🎧 | Паті на хуторі в хаті! 🏡
31.10.2025 11:09;23;Світло 💡 по графіку є! Музичний двіж! 🎧 | Паті на хуторі в хаті! 🏡
03.11.2025 9:21;25;"!інфо ""Повний облом"" (🎬фільм❗, 📅2006р.) - початок в 09:30 📺🍿 | а поки - 🎮 ""The Long Dark"" 🏡 паті на хуторі в хаті!"
04.11.2025 11:19;33;"!інфо ""Едвард руки-ножиці"" (🎬фільм❗, 📅1990р.) - початок в 09:30 📺🍿 | а поки - 🎮 ""The Long Dark"" 🏡 паті на хуторі в хаті!"
05.11.2025 10:33;30;"!інфо ""Не дихай"" (🎬фільм❗, 📅2016р.) - початок в 09:30 📺🍿 | а поки - 🎮 ""The Long Dark"" 🏡 паті на хуторі в хаті!"
05.11.2025 11:32;20;Музичний двіж! 🎧 | Паті на хуторі в хаті! 🏡
06.11.2025 10:31;31;"!інфо ""Не дихай 2"" (🎬фільм❗, 📅2021р.) - початок в 09:30 📺🍿 | а поки - 🎮 ""The Long Dark"" 🏡 паті на хуторі в хаті!"
06.11.2025 11:31;22;Музичний двіж! 🎧 | Паті на хуторі в хаті! 🏡
07.11.2025 8:09;44;"!інфо ""Таємне вікно"" (🎬фільм❗, 📅2004р.) - початок в 09:30 📺🍿 | а поки - 🎮 ""The Long Dark"" 🏡 паті на хуторі в хаті!"
10.11.2025 11:16;41;"1+1 (🎬на основі реальних подій❗, 📅2011р.) - початок в 09:30 📺🍿 | а поки - 🎮 ""The Long Dark"" 🏡 паті на хуторі в хаті!"
11.11.2025 11:06;31;"Кораліна у світі кошмарів (🎬мультфільм❗, 📅2009р.) - початок в 09:30 📺🍿 | а поки - 🎮 ""The Long Dark"" 🏡 паті на хуторі в хаті!"
11.11.2025 11:30;27;Музичний двіж! 🎧 | Паті на хуторі в хаті! 🏡
12.11.2025 10:32;25;"!інфо ""Маяк"" (🎬фільм❗, 📅2019р.) - початок в 09:30 📺🍿 | а поки - 🎮 ""The Long Dark"" 🏡 паті на хуторі в хаті!"
13.11.2025 11:01;37;"!інфо ""Диявол і Деніел Вебстер"" (🎬фільм❗, 📅2003р.) - початок в 09:30 📺🍿 | а поки - 🎮 ""The Long Dark"" 🏡 паті на хуторі в хаті!"
14.11.2025 11:01;26;"!інфо ""Двохсотрічна людина"" (🎬фільм❗, 📅1999р.) - початок в 09:30 📺🍿 | а поки - 🎮 ""The Long Dark"" 🏡 паті на хуторі в хаті!"
17.11.2025 9:40;19;"!інфо ""Зловісні мерці 3: Армія темряви"" (🎬фільм❗, 📅1992р.) - початок в 09:30 📺🍿 | а поки - 🎮 ""The Long Dark"" 🏡 паті на хуторі в хаті!"
17.11.2025 11:14;23;Музичний двіж! 🎧 | Паті на хуторі в хаті! 🏡
18.11.2025 10:46;21;"!інфо ""Людина - швейцарський ніж"" (🎬фільм❗, 📅2016р.) - початок в 09:30 📺🍿 | а поки - 🎮 ""The Long Dark"" 🏡 паті на хуторі в хаті!"
18.11.2025 11:23;20;Музичний двіж! 🎧 | Паті на хуторі в хаті! 🏡
19.11.2025 11:14;24;"!інфо ""Диво"" (🎬фільм❗, 📅2017р.) - початок в 09:30 📺🍿 | а поки - 🎮 ""The Long Dark"" 🏡 паті на хуторі в хаті!"
19.11.2025 11:34;20;Музичний двіж! 🎧 | Паті на хуторі в хаті! 🏡
20.11.2025 10:24;23;"!інфо ""Монті Пайтон і Священний Грааль"" (🎬фільм❗, 📅1975р.) - початок в 09:30 📺🍿 | а поки - 🎮 ""The Long Dark"" 🏡 паті на хуторі в хаті!"
20.11.2025 11:53;20;Музичний двіж! 🎧 | Паті на хуторі в хаті! 🏡
21.11.2025 11:08;29;!дн 🥳 Музичний двіж! 🎧 | Паті на хуторі в хаті! 🏡
24.11.2025 8:48;24;"!інфо ""Донні Браско"" (🎬на основі реальних подій❗, 📅1997р.) - початок в 09:30 📺🍿 | а поки - Музичний двіж! 🎧 | Паті на хуторі в хаті! 🏡"
25.11.2025 11:23:07;23;!інфо "Страх і огида в Лас-Вегасі" (🎬фільм❗, 📅1998р.) - початок в 09:30 📺🍿 | а поки - Музичний двіж! 🎧 | Паті на хуторі в хаті! 🏡
26.11.2025 10:49:07;31;!інфо "Мінамата" (🎬фільм❗, 📅2020р.) - початок в 09:30 📺🍿 | а поки - Музичний двіж! 🎧 | Паті на хуторі в хаті! 🏡
27.11.2025 11:04:17;28;!інфо "Турист" (🎬фільм❗, 📅2010р.) - початок в 09:30 📺🍿 | а поки - Музичний двіж! 🎧 | Паті на хуторі в хаті! 🏡
27.11.2025 11:32:09;26;Музичний двіж! 🎧 | Паті на хуторі в хаті! 🏡
28.11.2025 11:23:08;38;!інфо "Сонна лощина" (🎬фільм❗, 📅1999р.) - початок в 09:30 📺🍿 | а поки - 🎮 "The Long Dark" 🏡 паті на хуторі в хаті!
01.12.2025 10:41:09;33;!інфо "Скотт Пілігрим проти світу" (🎬фільм❗, 📅2010р.) - початок в 09:30 📺🍿 | а поки - Музичний двіж! 🎧 | Паті на хуторі в хаті! 🏡
02.12.2025 10:58:07;23;!інфо "Чунцінський експрес" (🎬фільм❗, 📅1994р.) - початок в 09:30 📺🍿 | а поки - Музичний двіж! 🎧 | Паті на хуторі в хаті! 🏡
02.12.2025 11:32:03;22;Музичний двіж! 🎧 | Паті на хуторі в хаті! 🏡
03.12.2025 11:08:02;35;!інфо "Контроль над гнівом" (🎬фільм❗, 📅2003р.) - початок в 09:30 📺🍿 | а поки - Музичний двіж! 🎧 | Паті на хуторі в хаті! 🏡
04.12.2025 10:36:07;37;!інфо "Всі шаленіють від Мері" (🎬фільм❗, 📅1998р.) - початок в 09:30 📺🍿 | а поки - Музичний двіж! 🎧 | Паті на хуторі в хаті! 🏡
05.12.2025 10:43:32;27;!інфо "Вітаємо у Зомбіленді" (🎬фільм❗, 📅2009р.) - початок в 09:30 📺🍿 | а поки - Музичний двіж! 🎧 | Паті на хуторі в хаті! 🏡
05.12.2025 11:15:27;18;Музичний двіж! 🎧 | Паті на хуторі в хаті! 🏡
08.12.2025 11:12:08;37;!інфо "Бунтарка" (🎬фільм❗, 📅2006р.) - початок в 09:30 📺🍿 | а поки - Музичний двіж! 🎧 | Паті на хуторі в хаті! 🏡
09.12.2025 10:50:16;38;!інфо "Життя" (🎬фільм❗, 📅2017р.) - початок в 09:30 📺🍿 | а поки - Музичний двіж! 🎧 | Паті на хуторі в хаті! 🏡
09.12.2025 11:18:09;28;Музичний двіж! 🎧 | Паті на хуторі в хаті! 🏡
10.12.2025 11:04:25;37;!інфо "28 днів потому" (🎬фільм❗, 📅2002р.) - початок в 09:30 📺🍿 | а поки - Музичний двіж! 🎧 | Паті на хуторі в хаті! 🏡
11.12.2025 10:41:08;32;!інфо "Зомбіленд: Подвійний постріл" (🎬фільм❗, 📅2019р.) - початок в 09:30 📺🍿 | а поки - Музичний двіж! 🎧 | Паті на хуторі в хаті! 🏡
11.12.2025 11:17:07;25;Музичний двіж! 🎧 | Паті на хуторі в хаті! 🏡
12.12.2025 11:03:24;27;!інфо "Червоні вогні" (🎬фільм❗, 📅2012р.) - початок в 09:30 📺🍿 | а поки - Музичний двіж! 🎧 | Паті на хуторі в хаті! 🏡
12.12.2025 11:41:22;20;Музичний двіж! 🎧 | Паті на хуторі в хаті! 🏡
15.12.2025 09:37:15;38;!інфо "У дев'ятому номері" - S01 - 1_2_3 (🎬серіал❗, 📅2014р.) - початок в 09:30 📺🍿 | а поки - Музичний двіж! 🎧
15.12.2025 11:10:08;34;Музичний двіж! 🎧 | Паті на хуторі в хаті! 🏡
16.12.2025 10:22:21;26;!інфо "У дев'ятому номері" - S01 - 4_5_6 (🎬серіал❗, 📅2014р.) - початок в 09:30 📺🍿 | а поки - Музичний двіж! 🎧
16.12.2025 11:49:27;22;Музичний двіж! 🎧 | Паті на хуторі в хаті! 🏡
17.12.2025 09:57:28;23;!інфо "У дев'ятому номері" - S02 - 1_2_3 (🎬серіал❗, 📅2015р.) - початок в 09:30 📺🍿 | а поки - Музичний двіж! 🎧
17.12.2025 11:23:03;21;Музичний двіж! 🎧 | Паті на хуторі в хаті! 🏡
18.12.2025 08:41:33;26;!інфо "У дев'ятому номері" - S02 - 4_5_6 (🎬серіал❗, 📅2015р.) - початок в 09:30 📺🍿 | а поки - Музичний двіж! 🎧
18.12.2025 11:31:04;23;Музичний двіж! 🎧 | Паті на хуторі в хаті! 🏡
19.12.2025 10:51:23;32;!інфо "Поганий Санта" (🎬фільм❗, 📅2003р.) - початок в 09:30 📺🍿 | а поки - Музичний двіж! 🎧 | Паті на хуторі в хаті! 🏡
19.12.2025 11:22:23;21;Музичний двіж! 🎧 | Паті на хуторі в хаті! 🏡
22.12.2025 11:09:02;39;!інфо "Детройт - місто року" (🎬фільм❗, 📅1999р.) - початок в 09:30 📺🍿 | а поки - Музичний двіж! 🎧 | Паті на хуторі в хаті! 🏡
22.12.2025 11:19:10;37;Музичний двіж! 🎧 | Паті на хуторі в хаті! 🏡
23.12.2025 09:38:20;29;!інфо "Санта на продаж" (🎬фільм❗, 📅2010р.) - початок в 09:30 📺🍿 | а поки - Музичний двіж! 🎧 | Паті на хуторі в хаті! 🏡
23.12.2025 11:35:26;22;Музичний двіж! 🎧 | Паті на хуторі в хаті! 🏡
25.12.2025 10:31:02;37;!інфо "Мерзенна вісімка" (🎬фільм❗, 📅2015р.) - початок в 09:00 📺🍿 | а поки - Музичний двіж! 🎧 | Паті на хуторі в хаті! 🏡
26.12.2025 10:58:04;28;!інфо "Інтуїція" (🎬фільм❗, 📅2001р.) - початок в 09:30 📺🍿 | а поки - Музичний двіж! 🎧 | Паті на хуторі в хаті! 🏡
26.12.2025 11:06:11;33;Музичний двіж! 🎧 | Паті на хуторі в хаті! 🏡
29.12.2025 11:09:09;28;!інфо "Як Грінч украв Різдво" (🎬фільм❗, 📅2000р.) - початок в 09:30 📺🍿 | а поки - Музичний двіж! 🎧 | Паті на хуторі в хаті! 🏡
29.12.2025 11:39:32;24;Музичний двіж! 🎧 | Паті на хуторі в хаті! 🏡
30.12.2025 10:49:27;24;!інфо "Ласкаво просимо, або сусідам вхід заборонено" (🎬фільм❗, 📅2006р.) - початок в 09:30 📺🍿 | а поки - Музичний двіж! 🎧 і ГеоГессер 🌍
30.12.2025 11:14:16;23;Музичний двіж! 🎧 | Паті на хуторі в хаті! 🏡
31.12.2025 10:44:27;19;!інфо "Новорічний корпоратив" (🎬фільм❗, 📅2016р.) - початок в 09:30 📺🍿 | а поки - Музичний двіж! 🎧 та ГеоГессер 🌍
31.12.2025 11:34:07;19;Музичний двіж! 🎧 | Паті на хуторі в хаті! 🏡
01.01.2026 09:54:26;17;"Як Ґрінч украв Різдво!" (🎬мультфільм❗, 📅1966р.) - початок в 09:30 📺🍿 | а поки - Музичний двіж-паті на хуторі в хаті! 🎧 та ГеоГессер 🌍
01.01.2026 11:51:30;16;Музичний двіж! 🎧 | Паті на хуторі в хаті! 🏡
02.01.2026 10:19:24;26;!інфо "Ґрінч" (🎬мультфільм❗, 📅2018р.) - початок в 09:30 📺🍿 | а поки - Музичний двіж-паті на хуторі в хаті! 🎧 та ГеоГессер 🌍
02.01.2026 11:25:14;27;Музичний двіж! 🎧 | Паті на хуторі в хаті! 🏡
05.01.2026 10:08:15;27;!інфо "Сам удома" (🎬фільм❗, 📅1990р.) - початок в 09:30 📺🍿 | а поки - Музичний двіж-паті на хуторі в хаті! 🎧 та ГеоГессер 🌍
05.01.2026 11:45:29;24;Музичний двіж! 🎧 | Паті на хуторі в хаті! 🏡
06.01.2026 11:00:23;26;!інфо "Сам удома 2" (🎬фільм❗, 📅1992р.) - початок в 09:30 📺🍿 | а поки - Музичний двіж-паті на хуторі в хаті! 🎧 та ГеоГессер 🌍
07.01.2026 11:05:33;26;!інфо "Сам удома 3" (🎬фільм❗, 📅1997р.) - початок в 09:30 📺🍿 | а поки - Музичний двіж-паті на хуторі в хаті! 🎧 та ГеоГессер 🌍
07.01.2026 11:27:19;27;Музичний двіж! 🎧 | Паті на хуторі в хаті! 🏡
08.01.2026 11:23:07;26;!інфо "Сам удома 4" (🎬фільм❗, 📅2002р.) - початок в 09:30 📺🍿 | а поки - Музичний двіж-паті на хуторі в хаті! 🎧 та ГеоГессер 🌍
09.01.2026 11:00:59;44;!інфо "Сам удома 5" (🎬фільм❗, 📅2012р.) - початок в 09:30 📺🍿 | а поки - Музичний двіж-паті на хуторі в хаті! 🎧 та ГеоГессер 🌍
09.01.2026 11:54:38;34;Музичний двіж! 🎧 | Паті на хуторі в хаті! 🏡
12.01.2026 09:31:12;31;!інфо "Сам удома 6" (🎬фільм❗, 📅2021р.) - початок в 09:30 📺🍿 | а поки - Музичний двіж-паті на хуторі в хаті! 🎧 та ГеоГессер 🌍
12.01.2026 11:46:23;27;Музичний двіж! 🎧 | Паті на хуторі в хаті! 🏡
13.01.2026 11:07:28;38;!інфо "Пережити Різдво" (🎬фільм❗, 📅2004р.) - початок в 09:30 📺🍿 | а поки - Музичний двіж-паті на хуторі в хаті! 🎧 та ГеоГессер 🌍
13.01.2026 11:48:29;30;Музичний двіж-паті на хуторі в хаті! 🎧 та ГеоГессер 🌍
14.01.2026 10:24:02;40;!інфо "Краще не дивись" (🎬фільм❗, 📅2016р.) - початок в 09:30 📺🍿 | а поки - Музичний двіж-паті на хуторі в хаті! 🎧 та ГеоГессер 🌍
14.01.2026 11:33:25;23;Музичний двіж-паті на хуторі в хаті! 🎧 та ГеоГессер 🌍
15.01.2026 10:53:10;32;!інфо "Диво на 34-й вулиці" (🎬фільм❗, 📅1994р.) - початок в 09:30 📺🍿 | а поки - Музичний двіж-паті на хуторі в хаті! 🎧 та ГеоГессер 🌍
16.01.2026 09:54:03;29;!інфо "Ельф" (🎬фільм❗, 📅2003р.) - початок в 09:30 📺🍿 | а поки - Музичний двіж-паті на хуторі в хаті! 🎧 та ГеоГессер 🌍
16.01.2026 11:15:04;19;Музичний двіж-паті на хуторі в хаті! 🎧 та ГеоГессер 🌍
19.01.2026 11:16:29;35;!інфо "30 днів ночі" (🎬фільм❗, 📅2007р.) - початок в 09:30 📺🍿 | а поки - Музичний двіж-паті на хуторі в хаті! 🎧 та ГеоГессер 🌍
20.01.2026 10:44:15;34;!інфо "Загублений світ" (🎬фільм❗, 📅2009р.) - початок в 09:30 📺🍿 | а поки - Музичний двіж-паті на хуторі в хаті! 🎧 та ГеоГессер 🌍
20.01.2026 11:24:21;27;Музичний двіж-паті на хуторі в хаті! 🎧 та ГеоГессер 🌍
21.01.2026 11:07:26;33;!інфо "Дюплекс" (🎬фільм❗, 📅2003р.) - початок в 09:30 📺🍿 | а поки - Музичний двіж-паті на хуторі в хаті! 🎧 та ГеоГессер 🌍
21.01.2026 11:10:28;36;Музичний двіж-паті на хуторі в хаті! 🎧 та ГеоГессер 🌍
22.01.2026 09:59:35;21;!інфо "Патруль" (🎬фільм❗, 📅2012р.) - початок в 09:30 📺🍿 | а поки - Музичний двіж-паті на хуторі в хаті! 🎧 та ГеоГессер 🌍
22.01.2026 11:20:13;26;Музичний двіж-паті на хуторі в хаті! 🎧 та ГеоГессер 🌍
23.01.2026 10:46:32;27;!інфо "Пекельна Хоругва, або Різдво Козацьке" (🎬фільм❗, 📅2019р.) - початок в 09:30 📺🍿 | а поки - Музичний двіж-паті на хуторі в хаті! 🎧
26.01.2026 11:04:19;39;!інфо "Зоонаглядач" (🎬фільм❗, 📅2011р.) - початок в 09:30 📺🍿 | а поки - Музичний двіж-паті на хуторі в хаті! 🎧 та ГеоГессер 🌍
27.01.2026 10:49:06;31;!інфо "Будинок з годинником у стінах" (🎬фільм❗, 📅2018р.) - початок в 09:30 📺🍿 | а поки - Музичний двіж-паті на хуторі в хаті! 🎧
27.01.2026 11:26:05;34;Музичний двіж-паті на хуторі в хаті! 🎧 та ГеоГессер 🌍
28.01.2026 11:18:12;35;!інфо "Доктор Дулітл" (🎬фільм❗, 📅1998р.) - початок в 09:30 📺🍿 | а поки - Музичний двіж-паті на хуторі в хаті! 🎧 та ГеоГессер 🌍
28.01.2026 11:37:27;28;Музичний двіж-паті на хуторі в хаті! 🎧 та ГеоГессер 🌍
29.01.2026 10:31:25;32;!інфо "Мемуари гейші" (🎬фільм❗, 📅2005р.) - початок в 09:00 📺🍿 | а поки - Музичний двіж-паті на хуторі в хаті! 🎧 та ГеоГессер 🌍
30.01.2026 10:43:10;29;!інфо "Голий пістолет" (🎬фільм❗, 📅1988р.) - початок в 09:30 📺🍿 | а поки - Музичний двіж-паті на хуторі в хаті! 🎧 та ГеоГессер 🌍
30.01.2026 11:29:20;22;Музичний двіж-паті на хуторі в хаті! 🎧 та ГеоГессер 🌍
02.02.2026 10:50:09;44;"Наруто" - S01 - 1_5/220 (🎬аніме❗, 📅2002р.) - початок в 09:30 📺🍿 | а поки - Музичний двіж-паті на хуторі в хаті! 🎧 та ГеоГессер 🌍
03.02.2026 10:29:05;29;"Наруто" - S01 - 6_10/220 (🎬аніме❗, 📅2002р.) - початок в 09:30 📺🍿 | а поки - Музичний двіж-паті на хуторі в хаті! 🎧 та ГеоГессер 🌍
04.02.2026 10:34:29;28;"Наруто" - S01 - 11_15/220 (🎬аніме❗, 📅2002р.) - початок в 09:30 📺🍿 | а поки - Музичний двіж-паті на хуторі в хаті! 🎧 та ГеоГессер 🌍
05.02.2026 10:51:13;30;"Наруто" - S01 - 16_20/220 (🎬аніме❗, 📅2002р.) - початок в 09:30 📺🍿 | а поки - Музичний двіж-паті на хуторі в хаті! 🎧 та ГеоГессер 🌍
06.02.2026 11:27:10;36;"Наруто" - S01 - 21_25/220 (🎬аніме❗, 📅2002р.) - початок в 09:30 📺🍿 | а поки - Музичний двіж-паті на хуторі в хаті! 🎧 та ГеоГессер 🌍
09.02.2026 10:52:21;29;"Наруто" - S01 - 26_30/220 (🎬аніме❗, 📅2002р.) - початок в 09:30 📺🍿 | а поки - Музичний двіж-паті на хуторі в хаті! 🎧 та ГеоГессер 🌍
10.02.2026 10:09:08;23;"Наруто" - S01 - 31_35/220 (🎬аніме❗, 📅2002р.) - початок в 09:30 📺🍿 | а поки - Музичний двіж-паті на хуторі в хаті! 🎧 та ГеоГессер 🌍
10.02.2026 11:50:27;19;Музичний двіж-паті на хуторі в хаті! 🎧 та ГеоГессер 🌍
11.02.2026 10:53:12;35;Наруто - S01 - 36_40/220 (🎬аніме❗, 📅2002р.) - початок в 09:30 📺🍿 | а поки - Музичний двіж-паті на хуторі в хаті! 🎧 та ГеоГессер 🌍
11.02.2026 11:24:05;33;Музичний двіж-паті на хуторі в хаті! 🎧 та ГеоГессер 🌍
12.02.2026 10:49:12;41;Наруто - S01 - 41_45/220 (🎬аніме❗, 📅2002р.) - початок в 09:30 📺🍿 | а поки - Музичний двіж-паті на хуторі в хаті! 🎧 та ГеоГессер 🌍
13.02.2026 10:50:09;40;Наруто - S01 - 46_50/220 (🎬аніме❗, 📅2002р.) - початок в 09:30 📺🍿 | а поки - Музичний двіж-паті на хуторі в хаті! 🎧 та ГеоГессер 🌍
16.02.2026 09:25:31;31;!інфо "Танцівник диско" (🎬фільм❗, 📅1982р.) - початок в 09:30 📺🍿 | а поки - Музичний двіж-паті на хуторі в хаті! 🎧 та ГеоГессер 🌍
17.02.2026 09:37:21;35;!інфо "Арахісовий сокіл" (🎬фільм❗, 📅2019р.) - початок в 09:30 📺🍿 | а поки - Музичний двіж-паті на хуторі в хаті! 🎧 та ГеоГессер 🌍
17.02.2026 11:15:04;27;Музичний двіж-паті на хуторі в хаті! 🎧 та ГеоГессер 🌍
18.02.2026 10:32:31;40;"Юні Мутанти Черепашки Ніндзя" (🎬фільм❗, 📅1990р) - початок в 09:30 📺🍿 | а поки - Музичний двіж-паті на хуторі в хаті! 🎧 та ГеоГессер 🌍
18.02.2026 11:14:32;36;Музичний двіж-паті на хуторі в хаті! 🎧 та ГеоГессер 🌍
19.02.2026 10:51:13;31;"Юні Мутанти Черепашки Ніндзя II. Таємниця Препарату" (🎬фільм❗, 📅1991р) - початок в 09:30 📺🍿 | а поки - Музичний двіжпаті в хаті!🎧 та🌍
23.02.2026 10:21:22;40;"Аватар: Останній Захисник - Книга перша: Вода" - S01 - 1_5/20 (🎬мультфільм❗ 📅2005р) - початок в 09:30 📺🍿 | а поки - Музичний двіж 🎧
24.02.2026 10:48:02;34;"Аватар: Останній Захисник - Книга перша: Вода" - S01 - 6_10/20 (🎬мультфільм❗ 📅2005р) - початок в 09:30 📺🍿 | а поки - Музичний двіж 🎧
25.02.2026 09:48:22;30;"Аватар: Останній Захисник - Книга перша: Вода" - S01 - 11_15/20 (🎬мультфільм❗ 📅2005р) - початок в 09:30 📺🍿 | а поки - Музичний двіж 🎧
26.02.2026 10:06:13;32;"Аватар: Останній Захисник - Книга перша: Вода" - S01 - 16_20/20 (🎬мультфільм❗ 📅2005р) - початок в 09:30 📺🍿 | а поки - Музичний двіж 🎧
27.02.2026 10:20:26;35;!інфо "Пропала грамота" (🎬фільм❗, 📅1972р.) - початок в 09:30 📺🍿 | а поки - Музичний двіж-паті на хуторі в хаті! 🎧 та ГеоГессер 🌍
27.02.2026 11:06:30;30;Музичний двіж-паті на хуторі в хаті! 🎧 та ГеоГессер 🌍
02.03.2026 09:49:24;30;"Аватар: Останній Захисник - Книга друга: Земля" - S02 - 1_5/20 (🎬мультфільм❗ 📅2006р) - початок в 09:30 📺🍿 | а поки - Музичний двіж 🎧
03.03.2026 10:11:10;36;"Аватар: Останній Захисник - Книга друга: Земля" - S02 - 6_10/20 (🎬мультфільм❗ 📅2006р) - початок в 09:30 📺🍿 | а поки - Музичний двіж 🎧
04.03.2026 10:39:02;39;"Аватар: Останній Захисник - Книга друга: Земля" - S02 - 11_15/20 (🎬мультфільм❗ 📅2006р) - початок в 09:30 📺🍿 | а поки - Музичний двіж 🎧
05.03.2026 10:44:02;36;"Аватар: Останній Захисник - Книга друга: Земля" - S02 - 16_20/20 (🎬мультфільм❗ 📅2006р) - початок в 09:30 📺🍿 | а поки - Музичний двіж 🎧
06.03.2026 10:57:13;35;!інфо "Життя Пі" (🎬фільм❗, 📅2012р.) - початок в 09:30 📺🍿 | а поки - Музичний двіж-паті на хуторі в хаті! 🎧 та ГеоГессер 🌍
09.03.2026 10:21:15;32;!інфо "Спуск" (🎬фільм❗, 📅2005р.) - початок в 09:30 📺🍿 | а поки - Музичний двіж-паті на хуторі в хаті! 🎧 та ГеоГессер 🌍
09.03.2026 11:30:06;27;Музичний двіж-паті на хуторі в хаті! 🎧 та ГеоГессер 🌍
10.03.2026 08:23:53;48;!інфо "Спуск 2" (🎬фільм❗, 📅2009р.) - початок в 09:30 📺🍿 | а поки - Музичний двіж-паті на хуторі в хаті! 🎧 та ГеоГессер 🌍
10.03.2026 11:26:19;32;Музичний двіж-паті на хуторі в хаті! 🎧 та ГеоГессер 🌍
11.03.2026 10:55:04;26;!інфо "Бібліотекар: У пошуках списа долі" (🎬фільм❗ 📅2004р) - початок в 09:30 📺🍿 | а поки - Музичний двіж-паті в хаті! 🎧 та ГеоГессер 🌍
11.03.2026 11:22:27;25;Музичний двіж-паті на хуторі в хаті! 🎧 та ГеоГессер 🌍
12.03.2026 10:34:03;33;"Бібліотекар 2: Повернення в копальні царя Соломона" (🎬фільм❗ 📅2006р) - початок в 09:30 📺🍿 | а поки - Музичний двіж! 🎧 та ГеоГессер 🌍
12.03.2026 11:18:07;32;Музичний двіж-паті на хуторі в хаті! 🎧 та ГеоГессер 🌍
13.03.2026 10:32:12;45;!інфо "Панда Кунг-Фу" (🎬мультфільм❗, 📅2008р.) - початок в 09:30 📺🍿 | а поки - Музичний двіж-паті на хуторі в хаті! 🎧 та ГеоГессер 🌍
13.03.2026 11:43:12;24;Музичний двіж-паті на хуторі в хаті! 🎧 та ГеоГессер 🌍
16.03.2026 10:37:26;35;"Аватар: Останній Захисник - Книга третя: Вогонь" - S03 - 1_5/21 (🎬мультфільм❗ 📅2007) - початок в 09:30 📺🍿 | а поки - Музичний двіж 🎧
17.03.2026 09:50:19;38;"Аватар: Останній Захисник - Книга третя: Вогонь" - S03 - 6_10/21 (🎬мультфільм❗ 📅2007) - початок в 09:30 📺🍿 | а поки - Музичний двіж 🎧
18.03.2026 10:12:14;32;"Аватар: Останній Захисник - Книга третя: Вогонь" - S03 - 11_15/21 (🎬мультфільм❗ 📅2007) - початок в 09:30 📺🍿 | а поки - Музичний двіж 🎧
19.03.2026 10:31:30;36;"Аватар: Останній Захисник - Книга третя: Вогонь" - S03 - 16_21/21 (🎬мультфільм❗ 📅2007) - початок в 09:00 📺🍿 | а поки - Музичний двіж 🎧
19.03.2026 11:52:02;22;Музичний двіж-паті на хуторі в хаті! 🎧 та ГеоГессер 🌍
20.03.2026 10:55:17;33;!інфо "Палмер" (🎬фільм❗, 📅2021р.) - початок в 09:30 📺🍿 | а поки - Музичний двіж-паті на хуторі в хаті! 🎧 та ГеоГессер 🌍
20.03.2026 11:35:17;31;Музичний двіж-паті на хуторі в хаті! 🎧 та ГеоГессер 🌍
23.03.2026 10:04:30;39;"Наруто" - S01 - 51_55/220 (🎬аніме❗, 📅2002р.) - початок в 09:30 📺🍿 | а поки - Музичний двіж-паті на хуторі в хаті! 🎧 та ГеоГессер 🌍
23.03.2026 11:51:21;28;Музичний двіж-паті на хуторі в хаті! 🎧 та ГеоГессер 🌍
24.03.2026 11:15:24;34;"Наруто" - S01 - 56_60/220 (🎬аніме❗, 📅2002р.) - початок в 09:30 📺🍿 | а поки - Музичний двіж-паті на хуторі в хаті! 🎧 та ГеоГессер 🌍
24.03.2026 11:38:10;26;Музичний двіж-паті на хуторі в хаті! 🎧 та ГеоГессер 🌍
25.03.2026 09:28:14;29;"Наруто" - S01 - 61_65/220 (🎬аніме❗, 📅2002р.) - початок в 09:30 📺🍿 | а поки - Музичний двіж-паті на хуторі в хаті! 🎧 та ГеоГессер 🌍
25.03.2026 11:26:13;27;Музичний двіж-паті на хуторі в хаті! 🎧 та ГеоГессер 🌍
26.03.2026 09:22:29;36;"Наруто" - S01 - 66_70/220 (🎬аніме❗, 📅2002р.) - початок в 09:30 📺🍿 | а поки - Музичний двіж-паті на хуторі в хаті! 🎧 та ГеоГессер 🌍
26.03.2026 11:46:21;23;Музичний двіж-паті на хуторі в хаті! 🎧 та ГеоГессер 🌍
27.03.2026 11:08:51;48;"Наруто" - S01 - 71_75/220 (🎬аніме❗, 📅2002р.) - початок в 09:30 📺🍿 | а поки - Музичний двіж-паті на хуторі в хаті! 🎧 та ГеоГессер 🌍
27.03.2026 11:30:06;40;Музичний двіж-паті на хуторі в хаті! 🎧 та ГеоГессер 🌍
30.03.2026 11:07:18;43;!інфо "Неймовірні пригоди Адель Блан-Сек" (🎬фільм❗ 📅2010р) - початок в 09:30 📺🍿 | а поки - Музичний двіж-паті в хаті! 🎧 та ГеоГессер 🌍
30.03.2026 12:00:30;27;Музичний двіж-паті на хуторі в хаті! 🎧 та ГеоГессер 🌍
31.03.2026 08:31:20;27;!інфо "Різники" (🎬фільм❗, 📅2010р.) - початок в 09:30 📺🍿 | а поки - Музичний двіж-паті на хуторі в хаті! 🎧 та ГеоГессер 🌍
01.04.2026 11:09:23;29;!інфо "Люта нічка" (🎬фільм❗, 📅2022р.) - початок в 09:30 📺🍿 | а поки - Музичний двіж-паті на хуторі в хаті! 🎧 та ГеоГессер 🌍
01.04.2026 12:02:04;22;Музичний двіж-паті на хуторі в хаті! 🎧 та ГеоГессер 🌍
02.04.2026 10:23:09;43;!інфо "Петля часу" (🎬фільм❗, 📅2012р.) - початок в 09:30 📺🍿 | а поки - Музичний двіж-паті на хуторі в хаті! 🎧 та ГеоГессер 🌍
